feature,weight
engagement_rate_30d,0.1671404139840733
fatigue_score,-0.07940081110156472
mms_affinity,0.07013862520969744
opt_out_risk,-0.09848049800060046
recency_days,-0.26550032999805667
reply_rate_90d,0.06537275201006885
sentiment_score,0.2539665696959384
