feature,weight
engagement_rate_30d,0.16713181004623343
fatigue_score,-0.0794111688830825
mms_affinity,0.07016266205177975
opt_out_risk,-0.09848315330387646
recency_days,-0.2654546221701581
reply_rate_90d,0.06536226881388124
sentiment_score,0.2539943147309884
