feature,weight
engagement_rate_30d,0.1671891956995347
fatigue_score,-0.07951524964696435
mms_affinity,0.07014251111055674
opt_out_risk,-0.09855772193771113
recency_days,-0.26515070485981734
reply_rate_90d,0.06536353865952424
sentiment_score,0.25408107808589153
