feature,mean_contribution
recency_days,0.6440204294259121
fatigue_score,0.1773387144968553
sentiment_score,0.5484839888351537
engagement_rate_30d,0.4164487747795374
reply_rate_90d,0.1563910651359907
opt_out_risk,0.22105375297504898
mms_affinity,0.15683364298498062
