feature,weight
engagement_rate_30d,0.16712751406370147
fatigue_score,-0.07940478155219231
mms_affinity,0.07014243028077193
opt_out_risk,-0.09848445042560447
recency_days,-0.26549648751597427
reply_rate_90d,0.06536780718927881
sentiment_score,0.2539765289724768
