feature,importance
recency_days,0.2580454778770548
fatigue_score,0.09438182941239642
sentiment_score,0.26549848934943165
engagement_rate_30d,0.14916947395289035
reply_rate_90d,0.06593670481516699
opt_out_risk,0.09732215408785903
mms_affinity,0.06964587050520092
